prompt_id,correct_rate_with_indecisive
prompt3,66.18705035971223
prompt2,79.13669064748201
prompt1,71.58273381294964
