prompt_variation_id,total_questions_asked,Correct Rate %,Wrong Rate %,Very Wrong Rate %,Indecisive Rate %
prompt1,1410,62.5531914893617,27.4468085106383,7.588652482269503,2.4113475177304964
prompt2,1410,72.12765957446808,18.79432624113475,5.319148936170213,3.7588652482269502
prompt3,1410,59.50354609929078,31.27659574468085,7.659574468085106,1.5602836879432624
